"p","n","rho","rho_default","deff","n_eff"
0.001,10000,0.01,0,1,10000
0.001,10000,0.1,0.00218560238111546,22.8538382087735,437.563262181538
0.001,10000,0.25,0.00867793921542917,87.7707142150763,113.933218949269
0.01,10000,0.01,0.00130916534869897,14.090344321641,709.705864649542
0.01,10000,0.1,0.00901740154689176,91.1649980673707,109.691221543273
0.01,10000,0.25,0.0339119793120033,340.085881140721,29.4043374175307
0.05,10000,0.01,0.00222943518483509,23.2921224131661,429.329703090836
0.05,10000,0.1,0.0258308541463101,259.282710608955,38.5679399004811
0.05,10000,0.25,0.0747323719217884,748.248986845962,13.3645353028171
