"p","n","Wald","Clopper_Pearson","Wilson","Agresti_Coull"
0.001,5000,0.00167676287317714,0.0019695294807799,0.00188075364493205,0.00203219156135689
0.001,50000,0.000552006014947609,0.000573795725978986,0.00055731125545892,0.000562585829631027
0.001,1e+05,0.000391574960759376,0.000402204890515111,0.000393444337877383,0.000395312162725397
0.01,5000,0.00550126211714348,0.00571726792195699,0.00555064730779754,0.00560162216464327
0.01,50000,0.00174381773846568,0.00176432375732247,0.00174537612222097,0.00174699985004854
0.01,1e+05,0.00123336598068558,0.00124354492977222,0.0012339168113179,0.00123449104118451
0.05,5000,0.0120717892908024,0.0122754471347174,0.0120869480019364,0.0121066936801868
0.05,50000,0.00382033558773252,0.00384045341684667,0.00382081456433964,0.00382144013854185
0.05,1e+05,0.00270145777231742,0.00271149954673661,0.00270162711478498,0.00270184831683561
